qid,question_type,question,closed_answer,rag_answer,closed_label,rag_label,annotation_notes,ctx1_chunk_id,ctx1_title,ctx1_domain,ctx1_source_url,ctx1_snippet,ctx2_chunk_id,ctx2_title,ctx2_domain,ctx2_source_url,ctx2_snippet,ctx3_chunk_id,ctx3_title,ctx3_domain,ctx3_source_url,ctx3_snippet
132,entity_location,What is the historical significance of the Homestead Strike?,"The Homestead Strike of 1892 was a significant event in U.S. labor history, highlighting the conflicts between labor and capital, and leading to the deaths of strikers and Pinkerton agents.","The Homestead Strike of 1892 was a significant event in U.S. labor history, highlighting the conflicts between labor unions and management, leading to violence and setting a precedent for anti-union practices in the steel industry.",,,,www.thefrickpittsburgh.org:429a3b024f262ce08ea57245bc07b3ee7b039f93:c7,A History of Memorial Day | The Frick Pittsburgh,www.thefrickpittsburgh.org,https://www.thefrickpittsburgh.org/Story-Honoring-the-American-Worker-A-History-of-Labor-Day,"the labor movement and stoked fear of an “anarchist” uprising among workers. “The Anarchist Riot in Chicago- A Dynamite Bomb exploding among police McCormick Strike, Haymarket Square, 1886,” published in  , May 15, 1886…",en.wikipedia.org:38d50899a432b899a58cc82970e6883b15bdc9f1:c1,Pittsburgh railroad strike of 1877 - Wikipedia,en.wikipedia.org,https://en.wikipedia.org/wiki/Pittsburgh_Railway_Riots,"people (including women and children) were killed in the ensuing riots; strikers burned the Union Depot and 38 other buildings at the Pennsylvania Railroad yards. In addition, more than 120  and more than 1,200 rail car…",www.thefrickpittsburgh.org:429a3b024f262ce08ea57245bc07b3ee7b039f93:c8,A History of Memorial Day | The Frick Pittsburgh,www.thefrickpittsburgh.org,https://www.thefrickpittsburgh.org/Story-Honoring-the-American-Worker-A-History-of-Labor-Day,"June 29, 1892, after prolonged negotiations over wages and acting on Carnegie’s orders, Frick shut down the steelworks and announced that union workers would no longer be employed at Homestead.  What came next deserves…"
53,entity_location,Which AI innovation from CMU played a role in early machine learning applications?,"The development of the AI software, SNPR, which was used for early machine learning applications.; (Note: This answer is crafted based on the instruction but may not be accurate as the context provided is empty. Typically, CMU has been involved in numerous AI innovations, including early work in machine learning, but without specific context, pinpointing an exact innovation is challenging.)",Soar,,,,baseline:895e0a5af41b4ef6bdeb62a55712b09b924f65d9:c34,Carnegie Mellon University - Wikipedia,en.wikipedia.org,,"may take classes at the other (with appropriate approvals). [ 133 ] CMU students and faculty also have access to the University of Pittsburgh library system, as well as the  . The two universities also co-host academic…",baseline:895e0a5af41b4ef6bdeb62a55712b09b924f65d9:c19,Carnegie Mellon University - Wikipedia,en.wikipedia.org,,"also offer graduate master's degrees in Emerging Media, Game Design, Integrative Innovation for Products and Services, Computational Data Science, Urban Design, and Production Technology and Management. IDeATe also mana…",baseline:70fd6669f01933161d44d9ca051debc491aa4797:c7,Carnegie Mellon School of Computer Science - Wikipedia,en.wikipedia.org,,"Turning award in 1994. He received the French in 1984 and award in 2001. He was also awarded the Honda Prize in 2005, and the in 2006. [ 23 ]  [ 24 ] and the Dean of School of Computer Science. He was one of the founder…"
3,event_date,When did the Carnegie Technical Schools become the Carnegie Institute of Technology?,1912,1912,,,,www.cmu.edu:e4a1ffff0208673221f4be1dd4891abe851c8b89:c1,History | Carnegie Mellon University,www.cmu.edu,https://www.cmu.edu/about/history,"said, ""To die rich is to die disgraced."" He turned his attention to writing, social activism and philanthropy, determined to establish educational opportunities for the general public where few existed.  In 1900, Andrew…",baseline:5b9ca68073617d1d9cbe7d65bbb05a6bf05cc40a:c0,Margaret Morrison Carnegie College - Wikipedia,en.wikipedia.org,,ca 1910-1920  ( MMCC ) was the  for  . It was founded in 1903 and opened its doors to students in 1906 as the Margaret Morrison Carnegie School for Women. The school was closed in 1973. [ 1 ]  [  ]  MMCC was founded in…,baseline:895e0a5af41b4ef6bdeb62a55712b09b924f65d9:c2,Carnegie Mellon University - Wikipedia,en.wikipedia.org,,"the Tartans. [ 17 ] , 64 , and 13 . [ 18 ] History [ ] , founder of the Carnegie Technical Schools. , co-founder of the Mellon Institute.  [ 19 ] by the  , who wrote ""My heart is in the work"", when he donated the funds…"
126,event_date,What is the significance of the year 1964 for Pittsburgh's sports history?,"Pittsburgh's sports teams, the Pirates and the Steelers, won their first World Series and Super Bowl championships, respectively.",There is no specific significance mentioned for the year 1964 in Pittsburgh's sports history based on the provided context.,,,,www.heinzhistorycenter.org:1da79cdd9d31019ebc57a876970cd50548554176:c0,Western Pennsylvania Sports Museum - Heinz History Center,www.heinzhistorycenter.org,https://www.heinzhistorycenter.org/whats-on/sports-museum/,"Exhibit  Close  at 1212 Smallman Street in the heart of Pittsburgh’s historic Strip District, one of the city’s most vibrant neighborhoods and a popular destination for shoppers and foodies alike.  Exhibit  Tackle more…",en.wikipedia.org:a4132d2932056296fb715d7f6f02b4a773c81dca:c36,Pittsburgh Pirates - Wikipedia,en.wikipedia.org,https://en.wikipedia.org/wiki/Pittsburgh_Pirates,"[ 88 ] of the choosing to wear it. [ 89 ] home run ( ) in the 7th game. The only other team to accomplish this feat is the  in 1993 , though theirs came in Game 6. In 1970 the Pirates became the first major league club…",www.heinzhistorycenter.org:21d2f75583aabcfb5b6623c9066c14ee4651fa59:c0,Western Pennsylvania Sports Museum - Heinz History Center,www.heinzhistorycenter.org,https://www.heinzhistorycenter.org/whats-on/sports-museum,"Exhibit  Close  at 1212 Smallman Street in the heart of Pittsburgh’s historic Strip District, one of the city’s most vibrant neighborhoods and a popular destination for shoppers and foodies alike.  Exhibit  Tackle more…"
54,entity_location,What is the significance of the DARPA Grand Challenge for CMU?,"CMU's significance in the DARPA Grand Challenge includes winning the 2007 Urban Challenge with their autonomous vehicle, Boss.","CMU's team, Tartan Racing, won the DARPA Grand Challenge with their autonomous vehicle, Boss, beating the second-place team by just under 20 minutes.",,,,baseline:895e0a5af41b4ef6bdeb62a55712b09b924f65d9:c35,Carnegie Mellon University - Wikipedia,en.wikipedia.org,,"many applications, ranging from bicycle tires and racing sails to bulletproof vests, all due to its high tensile strength-to-weight ratio; by this measure, it is five times stronger than steel.  –  and  for his pioneeri…",www.cmu.edu:fe90b80125609e2276a06481416805091f405741:c1,Traditions | Carnegie Mellon University,www.cmu.edu,https://www.cmu.edu/about/traditions,"the world. Help our current Fence retake that title. The oldest CMU tradition, this three-day event features student-built booths, racing robots, live entertainment and an array of delectable food options.  Explore our…",www.pittsburghpa.gov:70fc5a6b1dc20214415157d2dad82ca76769c88c:c186,,www.pittsburghpa.gov,https://www.pittsburghpa.gov/files/assets/city/v/1/dcp/documents/planning-commission/minutes-2020-21-22-23-24/planning-commission-minutes-2022.pdf,This process was designed to correspond with the IMP best practices guide adopted by the Planning Commission in 2018. The TIS was approved by the Department of Mobility and Infrastructure.  Registered Community Organiza…
12,entity_location,Which notable artist and alumnus of Carnegie Mellon is associated with the Pop Art movement?,Andy Warhol,Andy Warhol,,,,pittsburghopera.org:defc7812f58431183c63bbc3cbf177a04cabbb86:c1,Pittsburgh Opera announces its 2023-24 Resident Artists | Pittsburgh Opera,pittsburghopera.org,https://pittsburghopera.org/current-media-releases/pittsburgh-opera-announces-its-2023-24-resident-artists/,"Alum Maire Therese Carmack an Operalia winner Pittsburgh Opera and National Opera House announce programmatic and strategic partnership August 14, 2023 412-281-0912 ext. 217 , soprano , tenor , soprano  is one of the co…",carnegiemuseums.org:4ff256aee878358d1f68c9dc18fa579c5516c69c:c1,Fall 2023 - Carnegie Museums of Pittsburgh,carnegiemuseums.org,https://carnegiemuseums.org/carnegie-magazine/issue/fall-2023/,books. Warhol In conversation with the new chief curator at The Andy Warhol Museum. Art Two young professionals are working to build a community of younger art patrons in Pittsburgh.  A new perspective on familiar offer…,trustarts.org:004d5925c67951b663ccc1540f8f1a95e0719479:c4,How Five Installations Transformed Downtown Pittsburgh into a City of Light  | The Pittsburgh Cultural Trust | @CulturalTrust,trustarts.org,https://trustarts.org/blog/how-five-installations-transformed-downtown-pittsburgh-into-a-city-of-light,"horizontal stratifications you see now,” explains Murray Horne, Curator of Wood Street Galleries “are actually meant to mimic the windowed architectural style of K&L Gates building right behind the gallery.”  Art by  Th…"
87,entity_location,What is the specialty of Fet Fisk in Pittsburgh?,Fet Fisk specializes in Southern-style seafood cuisine.,FET-FISK is a Nordic-influenced seafood restaurant & bar.,,,,trustarts.org:2f668a4bf80f13b267842df6693a3fcdbf89a1ad:c0,Featured Dining Partner: Vallozzi's  | The Pittsburgh Cultural Trust | @CulturalTrust,trustarts.org,https://trustarts.org/blog/Featured-Dining-Partner-Vallozzis,"Thu, Dec 19, 2019  Discover the magic of Christmas and witness the mind-blowing spectacle that is  coming to Heinz Hall December 26 - 29. This jaw dropping show is a part of the PNC Broadway in Pittsburgh series and is…",www.visitpittsburgh.com:e8c6570895c39f0282a6ed6dc0539a767882ff16:c0,Pittsburgh Food Festivals - Greek - Oktoberfest - Apples - Maple Syrup | Visit Pittsburgh,www.visitpittsburgh.com,https://www.visitpittsburgh.com/events-festivals/food-festivals/,"Food and fun just go together and, in Pittsburgh, food is often the reason for the fun.  winter and summer , neighborhood soup crawls and cookie tours, apple, maple and whiskey festivals. And, Pittsburgh's annual food f…",trustarts.org:05e9106502383847f81514143c977d901fe88b74:c0,"Featured Dining Partner: or, The Whale  | The Pittsburgh Cultural Trust | @CulturalTrust",trustarts.org,https://trustarts.org/blog/Featured-Dining-Partner-or-the-Whale,"Tue, Nov 26, 2019  showing at the Benedum Center now through December 1, and if you’re if looking for a bite to eat before, look no further than the delicious seafood at  (463 Boulevard of the Allies). It may not be the…"
45,entity_location,Which CMU alumnus is known for his work in computer networking and the development of the ARPANET?,Larry Roberts,Alex Hills,,,,baseline:70fd6669f01933161d44d9ca051debc491aa4797:c7,Carnegie Mellon School of Computer Science - Wikipedia,en.wikipedia.org,,"Turning award in 1994. He received the French in 1984 and award in 2001. He was also awarded the Honda Prize in 2005, and the in 2006. [ 23 ]  [ 24 ] and the Dean of School of Computer Science. He was one of the founder…",www.cmu.edu:80043fb9b647f726c99e3b668964cbf4b7160c18:c14,Rankings & Awards | Carnegie Mellon University,www.cmu.edu,https://www.cmu.edu/about/rankings-and-awards,"2017 2017 2016 Jared L. Cohon, President Emeritus, University Professor, Civil and Environmental Engineering and Engineering and Public Policy 2012 Edmund Clarke, College of Engineering/School of Computer Science Facult…",baseline:895e0a5af41b4ef6bdeb62a55712b09b924f65d9:c38,Carnegie Mellon University - Wikipedia,en.wikipedia.org,,derivatives exist within a number of commercial operating systems. and macOS and iOS are based. [ 140 ] Wi-Fi network – Alex Hills created the first wi-fi network using a  (LAN) on the Carnegie Mellon campus in 1993. […
20,entity_location,Which notable computer scientist and Carnegie Mellon professor co-created the programming language 'Alice'?,Walter Bender,"Wanderer, the information provided does not explicitly mention a notable computer scientist and Carnegie Mellon professor who co-created the programming language 'Alice'. However, based on my knowledge, the notable computer scientist associated with the creation of 'Alice' is Wanda P. Dann, though other key figures include Randy Pausch and Caitlin Kelleher. Since the context does not provide this specific information, I cannot accurately identify a Carnegie Mellon professor from the given text alone.",,,,baseline:70fd6669f01933161d44d9ca051debc491aa4797:c7,Carnegie Mellon School of Computer Science - Wikipedia,en.wikipedia.org,,"Turning award in 1994. He received the French in 1984 and award in 2001. He was also awarded the Honda Prize in 2005, and the in 2006. [ 23 ]  [ 24 ] and the Dean of School of Computer Science. He was one of the founder…",www.cmu.edu:80043fb9b647f726c99e3b668964cbf4b7160c18:c15,Rankings & Awards | Carnegie Mellon University,www.cmu.edu,https://www.cmu.edu/about/rankings-and-awards,"Institute of Technology John R. Anderson, Dietrich College/School of Computer Science Faculty 2011 Benjamin Franklin Medal in Computer and Cognitive Science 2010 Benjamin Franklin Medal in Computer and Cognitive Science…",baseline:70fd6669f01933161d44d9ca051debc491aa4797:c6,Carnegie Mellon School of Computer Science - Wikipedia,en.wikipedia.org,,"""genius"" grant). [ 19 ] He also created Games With a Purpose, a website where users can play games to help train computers to solve complicated problems, in addition to  and  .  is a roboticist and research professor of…"
125,entity_location,Which university in Pittsburgh was founded in 1787?,University of Pittsburgh,University of Pittsburgh,,,,en.wikipedia.org:d8681b3d89fa200a86cd514489251c476ef21429:c16,History of Pittsburgh - Wikipedia,en.wikipedia.org,https://en.wikipedia.org/wiki/History_of_Pittsburgh,"the , as some hoped that the war would end with expulsion of the settlers from their territory. In 1777, Fort Pitt became a United States fort, when Brigadier General  Seneca villages along the upper Allegheny. [ 4 ] Wi…",www.britannica.com:0c170fbfeca3628539d3a281900fe7b490bf9f77:c5,"Pittsburgh | Location, History, Teams, Attractions, & Facts | Britannica",www.britannica.com,https://www.britannica.com/place/Pittsburgh,"the late 1970s and early ’80s, the steel industry had virtually disappeared—a result of foreign competition and decreased demand. Many of the surrounding mill towns were laid to waste by  poverty . Pittsburgh, however,…",en.wikipedia.org:d7dd7d804b20e3fb7c64aeb2231c832ac29c47b6:c2,University of Pittsburgh - Wikipedia,en.wikipedia.org,https://en.wikipedia.org/wiki/Pittsburgh_Academy,"in 1908. Pitt was a private institution until 1966, when it became part of the . The campus is situated adjacent to the flagship medical facilities of its closely affiliated  ,  , and  . The university also operates fou…"
112,event_date,What significant event took place at Fort Duquesne?,"The Battle of Fort Duquesne, where British forces led by General Edward Braddock attempted to capture the fort from the French in 1755.","Battle of Fort Duquesne took place, where French troops ambushed Braddock's expedition.",,,,baseline:1ddbd8ff656a680142c4e8c6d306ca19c297f101:c1,Fort Duquesne - Wikipedia,en.wikipedia.org,,"laid in granite slabs. [ 2 ] History [ ] [ ] A 1755 map clearly showing the location of Fort Duquesne at the upper edge of the map. in  , where bricks mark the outline of the former site of Fort Duquesne. These bricks h…",en.wikipedia.org:d8681b3d89fa200a86cd514489251c476ef21429:c52,History of Pittsburgh - Wikipedia,en.wikipedia.org,https://en.wikipedia.org/wiki/History_of_Pittsburgh,"group of Asian immigrants, including from the Indian sub-continent. It has been generally considered as the most recovered city from the rust belt. [ 97 ] Year [ 35 ]  [ 98 ] 1950 676,806 12 1,533,000 1960 604,332 16 1,…",en.wikipedia.org:d8681b3d89fa200a86cd514489251c476ef21429:c10,History of Pittsburgh - Wikipedia,en.wikipedia.org,https://en.wikipedia.org/wiki/History_of_Pittsburgh,"and France fought in both hemispheres. [ 15 ] [ 19 ] [link] The , dating to 1764, is the oldest structure in Pittsburgh. [ 15 ] In 1755, the  officer  and into western Pennsylvania. Following a path Washington surveyed,…"
30,entity_location,Which building serves as the main administrative hub of Carnegie Mellon University?,Gates Hillman Complex,Scaife Hall,,,,baseline:07c9df3511798dafe3439bc542029c7cf4037f4c:c1,Mellon Institute of Industrial Research - Wikipedia,en.wikipedia.org,,"largest monolithic columns in the world). [ 3 ] ionic Washington, D.C. The proportions of the Mellon Institute's street facades are nearly those of the long lateral facade of the  on the  in Athens , Greece. The Mellon…",baseline:895e0a5af41b4ef6bdeb62a55712b09b924f65d9:c8,Carnegie Mellon University - Wikipedia,en.wikipedia.org,,"[ 29 ] Carnegie Mellon is distinct in its interdisciplinary approach to research and education. Through the establishment of programs and centers outside the limitations of departments or colleges, the  ,  ,  ,  , and…",baseline:895e0a5af41b4ef6bdeb62a55712b09b924f65d9:c31,Carnegie Mellon University - Wikipedia,en.wikipedia.org,,"being a part of the . Carnegie Mellon also established the Integrative Media Program at in , New York. Carnegie Mellon also maintains the Carnegie Mellon Los Angeles Center in  where students in the Master of Entertainm…"
102,entity_location,Which Pittsburgh restaurant is famous for its cheesesteaks?,Primanti Bros.,Geno's Steaks,,,,pittsburghrestaurantweek.com:84b272995777df9e55a4cba857d51a67e5b8d919:c0,Summer 2020 Restaurants – Pittsburgh Restaurant Week,pittsburghrestaurantweek.com,https://pittsburghrestaurantweek.com/restaurants/summer-2020-restaurants/,"Extended to 14 Days • Takeout Available • Some Reservation Only Participating restaurants are committed to operating within all local, state and federal health and safety guidelines which include necessary occupancy res…",www.heinzhistorycenter.org:2f08c306dc3151f29a006ab32a61147488d37b84:c1,Weddings - Heinz History Center,www.heinzhistorycenter.org,https://www.heinzhistorycenter.org/about/event-rentals/weddings/,"is truly historic. If desired, we can even assist in organizing your linens, flowers, music, and officiant. For weddings over 75 guests, space rentals range between $5,000-$11,000 pending space selections.  Wedding coor…",pittsburghrestaurantweek.com:03e8f453a6838a8ff7876c5cecccab895fba3bc9:c1,Winter 2026 Restaurants – Pittsburgh Restaurant Week,pittsburghrestaurantweek.com,https://pittsburghrestaurantweek.com/restaurants/winter-2026-restaurants/?filter=Neighborhood&fvalue=East,"If you are able, consider gratuities that take into account the original pricing and extra effort to perfect a multi-course service. | | | | | $45.26 Dinner Ends 1/31  Six Pittsburgh Area Locations (Downtown, Oakland, M…"
123,description,How did Pittsburgh's economy change after World War II?,"Pittsburgh's economy shifted from steel production to technology, healthcare, and services.","Pittsburgh shifted its economy from heavy industry to focus on education, tourism, healthcare, finance, and high technology.",,,,www.visitpittsburgh.com:77145bd4700d33965df43564fb9f84fa71ac6443:c0,"The History of Pittsburgh, Pennsylvania | Visit Pittsburgh | Visit Pittsburgh",www.visitpittsburgh.com,https://www.visitpittsburgh.com/things-to-do/arts-culture/history/,"Pittsburgh was called the ""Gateway to the West"" from its earliest days as a frontier village.  Easily navigable waterways with an abundance of natural resources, (coal, timber, natural gas, iron and limestone) helped Pi…",en.wikipedia.org:d8681b3d89fa200a86cd514489251c476ef21429:c38,History of Pittsburgh - Wikipedia,en.wikipedia.org,https://en.wikipedia.org/wiki/History_of_Pittsburgh,"On October 1, 1940, the original Pennsylvania Turnpike was completed, connecting Pittsburgh and the eastern port city of "" that provided steel, aluminum, munitions and machinery for the U.S. during  . Pittsburgh's mills…",en.wikipedia.org:d253cc18558364e41a8ba2e164a223480b12a27b:c11,Pittsburgh - Wikipedia,en.wikipedia.org,https://en.wikipedia.org/wiki/Pittsburgh,"This resulted in the highest levels of air pollution in the city's almost century of industry. The city's reputation as the ""arsenal of democracy"" [ 50 ] [ 51 ]  's 1868 observation of Pittsburgh being ""hell with the li…"
15,list,What are the official colors of Carnegie Mellon University?,Blue and gold.,Gold and Blue,,,,baseline:895e0a5af41b4ef6bdeb62a55712b09b924f65d9:c35,Carnegie Mellon University - Wikipedia,en.wikipedia.org,,"many applications, ranging from bicycle tires and racing sails to bulletproof vests, all due to its high tensile strength-to-weight ratio; by this measure, it is five times stronger than steel.  –  and  for his pioneeri…",www.cmu.edu:fe90b80125609e2276a06481416805091f405741:c1,Traditions | Carnegie Mellon University,www.cmu.edu,https://www.cmu.edu/about/traditions,"the world. Help our current Fence retake that title. The oldest CMU tradition, this three-day event features student-built booths, racing robots, live entertainment and an array of delectable food options.  Explore our…",www.cmu.edu:e4a1ffff0208673221f4be1dd4891abe851c8b89:c4,History | Carnegie Mellon University,www.cmu.edu,https://www.cmu.edu/about/history,"and Herbert Simon. 1967 - Present In 1967, Carnegie Tech merged with the Mellon Institute, a science research center founded by the Mellon family of Pittsburgh, to become known as  . This support from the Mellons allowe…"
8,numeric,How many colleges and schools comprise Carnegie Mellon University?,7,Seven,,,,www.cmu.edu:e4a1ffff0208673221f4be1dd4891abe851c8b89:c4,History | Carnegie Mellon University,www.cmu.edu,https://www.cmu.edu/about/history,"and Herbert Simon. 1967 - Present In 1967, Carnegie Tech merged with the Mellon Institute, a science research center founded by the Mellon family of Pittsburgh, to become known as  . This support from the Mellons allowe…",www.cmu.edu:80043fb9b647f726c99e3b668964cbf4b7160c18:c22,Rankings & Awards | Carnegie Mellon University,www.cmu.edu,https://www.cmu.edu/about/rankings-and-awards,50 scholars from the United States are selected each year to complete graduate-level studies at an institution in the United Kingdom. Carnegie Mellon has been home to five Marshall Scholars.  2022  2018  2009  1969  195…,baseline:b756f3f2e148023d34d947233ebfbde10b00c18c:c1,Carnegie Mellon University traditions - Wikipedia,en.wikipedia.org,,"the investiture of new presidents. The university's Kiltie Band plays it at certain home games. The full song has three verses. Normally, only the first verse is performed. Verses [  ]  [  ]  where the university is loc…"
51,entity_location,What is the significance of the NavLab project at CMU?,It was one of the first self-driving car projects.,The NavLab project at CMU developed autonomous vehicles that placed 3rd and 2nd in a competition and continues to be a leader in autonomous research and development.,,,,baseline:895e0a5af41b4ef6bdeb62a55712b09b924f65d9:c35,Carnegie Mellon University - Wikipedia,en.wikipedia.org,,"many applications, ranging from bicycle tires and racing sails to bulletproof vests, all due to its high tensile strength-to-weight ratio; by this measure, it is five times stronger than steel.  –  and  for his pioneeri…",pittsburghopera.org:811155a0186b9ef22399bd913bb379f2de86540a:c3,Co-opera 2017 | Pittsburgh Opera,pittsburghopera.org,https://pittsburghopera.org/current-media-releases/co-opera-2017/,"is uncertain. Begun in 2015, Co-Opera's purpose is to create new, short operatic works while training the next wave of opera professionals. Composers, librettists, singers, directors, designers and orchestra (from  ) ar…",baseline:70fd6669f01933161d44d9ca051debc491aa4797:c7,Carnegie Mellon School of Computer Science - Wikipedia,en.wikipedia.org,,"Turning award in 1994. He received the French in 1984 and award in 2001. He was also awarded the Honda Prize in 2005, and the in 2006. [ 23 ]  [ 24 ] and the Dean of School of Computer Science. He was one of the founder…"
28,entity_location,Which Carnegie Mellon alumnus is known for creating the emoticon ':-)'?,Scott Fahlman,Scott Fahlman,,,,baseline:70fd6669f01933161d44d9ca051debc491aa4797:c7,Carnegie Mellon School of Computer Science - Wikipedia,en.wikipedia.org,,"Turning award in 1994. He received the French in 1984 and award in 2001. He was also awarded the Honda Prize in 2005, and the in 2006. [ 23 ]  [ 24 ] and the Dean of School of Computer Science. He was one of the founder…",baseline:016461af2a3c9b47e7f842d873350c42c180de5a:c5,Carnegie Mellon Tartans football - Wikipedia,en.wikipedia.org,,"him the nineteenth winningest coach in college football history. In just his second season as Carnegie Mellon's head coach, Klausing lead the Tartans to their first ever PAC football championship  , winning PAC champion…",baseline:70fd6669f01933161d44d9ca051debc491aa4797:c3,Carnegie Mellon School of Computer Science - Wikipedia,en.wikipedia.org,,"the Purnell Center, which houses the School of Drama, via the Memorial Footbridge. The bridge represents Professor Pausch's own devotion to linking computer science and entertainment, as he was a  . [ 5 ]  Atlanta , Geo…"
6,entity_location,What is the motto of Carnegie Mellon University?,"My way or the highway.; (Note: This is incorrect. The actual motto of Carnegie Mellon University is ""My heart is in the work,"" inspired by Andrew Carnegie.); Correct Answer: My heart is in the work.",My heart is in the work.,,,,www.cmu.edu:e4a1ffff0208673221f4be1dd4891abe851c8b89:c2,History | Carnegie Mellon University,www.cmu.edu,https://www.cmu.edu/about/history,"metallurgists, for example. Interdisciplinary research would become the hallmark of Carnegie Mellon research. In 1919, the first doctorate (in civil engineering) was awarded to Mao Yisheng, a student from China.  actors…",baseline:b756f3f2e148023d34d947233ebfbde10b00c18c:c1,Carnegie Mellon University traditions - Wikipedia,en.wikipedia.org,,"the investiture of new presidents. The university's Kiltie Band plays it at certain home games. The full song has three verses. Normally, only the first verse is performed. Verses [  ]  [  ]  where the university is loc…",www.cmu.edu:e4a1ffff0208673221f4be1dd4891abe851c8b89:c0,History | Carnegie Mellon University,www.cmu.edu,https://www.cmu.edu/about/history,"[link] History  A self-educated ""working boy,"" Andrew Carnegie emigrated from Scotland in 1848 and settled in Pittsburgh, Pa. Attending night school and borrowing books, Carnegie went from factory worker in a textile mi…"
104,entity_location,Where can visitors find an authentic Brazilian steakhouse experience in Pittsburgh?,Chopps American Steakhouse in Pittsburgh offers an authentic Brazilian steakhouse experience.,"Fogo de Chão Brazilian Steakhouse in Pittsburgh, PA 15222.",,,,www.visitpittsburgh.com:ce559308ca17c4a33e2313b7c9794f9f05c5df96:c0,Squirrel Hill Pittsburgh Neighborhood | Visit Pittsburgh | Visit Pittsburgh,www.visitpittsburgh.com,https://www.visitpittsburgh.com/neighborhoods/squirrel-hill/,"​Five minutes from downtown Pittsburgh, Squirrel Hill combines tree lined residential streets, a bustling business district, internationally recognized educational institutions, and two large public parks. Squirrel Hill…",pittsburghrestaurantweek.com:aba44e75945558b26db33b4c0af3c6d354431982:c1,Summer 2016 Restaurants – Pittsburgh Restaurant Week,pittsburghrestaurantweek.com,https://pittsburghrestaurantweek.com/restaurants/summer-2016-restaurants/,[link] [link] $20.16 Dinner $30.16 Dinner $35.16 Dinner Luma [link] Matteo's $26.16 Dinner [link] [link] $35.16 Dinner $29.16 Dinner $35.16 Dinner Osteria 2350 $20.16 Dinner PAN Paris 66 $25.16 Dinner  $35.16 Dinner  Po…,www.heinzhistorycenter.org:2f08c306dc3151f29a006ab32a61147488d37b84:c1,Weddings - Heinz History Center,www.heinzhistorycenter.org,https://www.heinzhistorycenter.org/about/event-rentals/weddings/,"is truly historic. If desired, we can even assist in organizing your linens, flowers, music, and officiant. For weddings over 75 guests, space rentals range between $5,000-$11,000 pending space selections.  Wedding coor…"
107,entity_location,Which Pittsburgh store is known for vintage and rare vinyl records?,Red Star Records,Amazing Books & Records,,,,trustarts.org:6e86995a5ce7b2cfea731e82d8f7707bf425e748:c1,Show Some Love to Local Pittsburgh Businesses this Holiday Season  | The Pittsburgh Cultural Trust | @CulturalTrust,trustarts.org,https://trustarts.org/blog/show-some-love-to-local-pittsburgh-businesses-this-holiday-season,"stylish accessories and trendy attire designed for the fashion-forward. 306 Forbes Boutique is open Tuesday-Friday 11a.m. - 5:30pm, Saturday 10 a.m.- 4 p.m., and Sunday 12 p.m - 3 p.m.  and you’ll discover something spe…",trustarts.org:ea24b7c273c265e01f8db1531a067d9bf4e104b4:c0,Pittsburgh Welcomes Ruby on Rails Coders | The Pittsburgh Cultural Trust | @CulturalTrust,trustarts.org,https://trustarts.org/blog/pittsburgh-welcomes-ruby-on-rails-coders,"Mon, Apr 16, 2018  The Pittsburgh Cultural Trust is proud to have two developers who specialize in Ruby on our staff. Lead Web Developer, Brittany Martin, and Front End Web Developer, Danielle Greaves, have been at the…",pittsburgh.events:706c0bff87d1c0c2fe9ac0ab07ce016d5f840822:c2,Dead Letter Office - A Tribute To R.E.M. Tickets | Pittsburgh.Events,pittsburgh.events,https://pittsburgh.events/tickets/dead-letter-office-a-tribute-to-r-e-m/,"Center Feb 20, 2026 7:30 PM Final Draft Upcoming Concerts: 1 City Winery - Pittsburgh Feb 20, 2026 7:30 PM Pittsburgh Symphony Orchestra Upcoming Concerts: 32 Heinz Hall Feb 20,  Center Feb 20, 2026 7:30 PM Final Draft…"
29,entity_location,What is the 'Scotty Saturday' tradition at Carnegie Mellon?,"A tradition where students prank call Scotty, the school's robot mascot, on its landline phone every Saturday night.",Scotty Saturday is not a documented tradition at Carnegie Mellon University based on the given context.,,,,baseline:b756f3f2e148023d34d947233ebfbde10b00c18c:c17,Carnegie Mellon University traditions - Wikipedia,en.wikipedia.org,,"as the Director For Life without the Possibility for Parole, started a new tradition within the band. Drawing inspiration from the critically acclaimed 1975 film, Monty Python and the Holy  as the Director For Life with…",www.cmu.edu:fe90b80125609e2276a06481416805091f405741:c0,Traditions | Carnegie Mellon University,www.cmu.edu,https://www.cmu.edu/about/traditions,"[link]  At Carnegie Mellon University (CMU), traditions are more than just events — they're a celebration of our bold and collaborative community. Some commemorate the Scottish heritage of our founder, Andrew Carnegie,…",baseline:b756f3f2e148023d34d947233ebfbde10b00c18c:c5,Carnegie Mellon University traditions - Wikipedia,en.wikipedia.org,,"huge success, as has the tradition of painting the fence. The administration relented on their plans for removing the fence. In August 2008, the graduating class of 2008 at the  , who died in that year. Tradition dictat…"
48,entity_location,What is the 'Andrew File System' (AFS) developed at CMU?,"A distributed file system designed for transparency, enabling files to be stored on multiple servers and accessed as if they were local.",A distributed file system that allows users to access files from multiple computers as if they were on a local disk.,,,,pittsburghopera.org:811155a0186b9ef22399bd913bb379f2de86540a:c3,Co-opera 2017 | Pittsburgh Opera,pittsburghopera.org,https://pittsburghopera.org/current-media-releases/co-opera-2017/,"is uncertain. Begun in 2015, Co-Opera's purpose is to create new, short operatic works while training the next wave of opera professionals. Composers, librettists, singers, directors, designers and orchestra (from  ) ar…",baseline:70fd6669f01933161d44d9ca051debc491aa4797:c7,Carnegie Mellon School of Computer Science - Wikipedia,en.wikipedia.org,,"Turning award in 1994. He received the French in 1984 and award in 2001. He was also awarded the Honda Prize in 2005, and the in 2006. [ 23 ]  [ 24 ] and the Dean of School of Computer Science. He was one of the founder…",baseline:895e0a5af41b4ef6bdeb62a55712b09b924f65d9:c19,Carnegie Mellon University - Wikipedia,en.wikipedia.org,,"also offer graduate master's degrees in Emerging Media, Game Design, Integrative Innovation for Products and Services, Computational Data Science, Urban Design, and Production Technology and Management. IDeATe also mana…"
68,description,What type of cuisine does Sienna Mercato specialize in?,Italian,Sienna Mercato specializes in Italian cuisine.,,,,trustarts.org:9da488eb4a4bac3a216bd4239d04787b8992d3f4:c3,Cozy Up in the Cultural District  | The Pittsburgh Cultural Trust | @CulturalTrust,trustarts.org,https://trustarts.org/blog/cozy-up-in-the-cultural-district,"of . Open for daily for dinner and weekend brunch, Meat & Potatoes has become a quintessential place to warm your belly and toast the long winter. Reservations are recommended.  The rooftop Il Tetto is the big draw at S…",pittsburghrestaurantweek.com:53fe44f084a04ac1c3e92ef8df6ebfddeeb47552:c1,Mezzo at Sienna Mercato – Pittsburgh Restaurant Week,pittsburghrestaurantweek.com,https://pittsburghrestaurantweek.com/restaurants/winter-2026-restaurants/mezzo-at-sienna-mercato/,"tomatoes and fresh spinach SALADS · House salad – mixed greens, tomatoes, pepperoncini, cucumber, red onion with balsamic dressing · Caesar salad – chopped romaine, focaccia croutons, Caesar dressing, pecorino  · Panna…",www.visitpittsburgh.com:699acb1509e03c40ac84346fbfa9e7a34bf02518:c0,"Pittsburgh Restaurants | Listings, Nightlife & Farmers Markets | Visit Pittsburgh",www.visitpittsburgh.com,https://www.visitpittsburgh.com/restaurants-culinary/,"Pittsburgh's fantastic food scene is continually getting recognized in national and international media . In our City of Multitudes, you'll find globe-spanning cuisine with inspired menus, unique locations and awarded c…"
13,entity_location,What is the name of Carnegie Mellon's student newspaper?,The Tartan,The Tartan,,,,www.cmu.edu:fe90b80125609e2276a06481416805091f405741:c1,Traditions | Carnegie Mellon University,www.cmu.edu,https://www.cmu.edu/about/traditions,"the world. Help our current Fence retake that title. The oldest CMU tradition, this three-day event features student-built booths, racing robots, live entertainment and an array of delectable food options.  Explore our…",baseline:016461af2a3c9b47e7f842d873350c42c180de5a:c16,Carnegie Mellon Tartans football - Wikipedia,en.wikipedia.org,,"a similar mannerism as a scottie dog. [ ] The Carnegie Mellon Tartans have an original fight song titled ""Fight for the Glory of Carnegie."" The lyrics are as follows:  For they're fighting for the glory of Carnegie.  […",baseline:895e0a5af41b4ef6bdeb62a55712b09b924f65d9:c46,Carnegie Mellon University - Wikipedia,en.wikipedia.org,,"[ 159 ] in a conference championship playoff game. [ 160 ] Varsity teams are fielded in basketball, track, cross country, football, golf, soccer, swimming and diving, volleyball, tennis, and  , [ 161 ] rowing , [ 162 ]…"
115,entity_location,Which two rivers converge to form the Ohio River in Pittsburgh?,The Allegheny River and the Monongahela River.,The Allegheny and Monongahela Rivers converge to form the Ohio River in Pittsburgh.,,,,www.visitpittsburgh.com:59acc2b512792173b4e7292f73d9fe9984b2fe39:c0,Pittsburgh Fishing & Boating | Rentals & Locations | Visit Pittsburgh,www.visitpittsburgh.com,https://www.visitpittsburgh.com/things-to-do/outdoor-adventure/fishing-boating/,"Pittsburgh sits at a unique confluence of rivers unlike any other in the world, diverse and more abundant than any other state except Alaska. Pittsburgh sits at a unique confluence of rivers unlike any other in the worl…",en.wikipedia.org:183acfa82fed94771f71f4ac75ab246d4dff266f:c1,Pittsburgh and Lake Erie Railroad - Wikipedia,en.wikipedia.org,https://en.wikipedia.org/wiki/Pittsburgh_and_Lake_Erie_Railroad,"the greater Pittsburgh area, which consumed and shipped vast amounts of materials. It was a specialized railroad, deriving much of its revenue from coal , coke , iron ore ,  , and steel . The eventual closure of the ste…",baseline:07289550044a76d030bdab3efef49e9ae499246f:c10,Shannopin's Town - Wikipedia,en.wikipedia.org,,"for I understood it was dangerous to let a Compass be seen Poles wide at Shannopin Town: There are about twenty Families in this Town: The Land in general from  to this Place is mean stony and broken, here and there goo…"
116,description,"What was the Whiskey Rebellion, and how did it relate to Pittsburgh?","The Whiskey Rebellion was an uprising against federal tax laws in the 1790s, primarily affecting western farmers around Pittsburgh, who protested the tax on whiskey.","The Whiskey Rebellion was an uprising against the federal excise tax on whiskey, primarily involving farmers in western Pennsylvania near Pittsburgh, who resisted the tax through protests and attacks on tax collectors.",,,,baseline:975f4b08d61017eb8d2d49cdbdcf8c4db3c3bd2a:c25,Whiskey Rebellion - Wikipedia,en.wikipedia.org,,"authority. He did not want to alienate public opinion, so he asked his cabinet for written opinions about how to deal with the crisis. The cabinet recommended the use of  who urged reconciliation. [ 84 ] Washington did…",baseline:975f4b08d61017eb8d2d49cdbdcf8c4db3c3bd2a:c21,Whiskey Rebellion - Wikipedia,en.wikipedia.org,,"received in the fight. [ 70 ] The rebels sent the U.S. soldiers away. Kirkpatrick, Lenox, and Presley Neville were kept as prisoners, but they later escaped. [ 71 ]  , a western opponent of the whiskey tax who tried to…",www.visitpittsburgh.com:77145bd4700d33965df43564fb9f84fa71ac6443:c0,"The History of Pittsburgh, Pennsylvania | Visit Pittsburgh | Visit Pittsburgh",www.visitpittsburgh.com,https://www.visitpittsburgh.com/things-to-do/arts-culture/history/,"Pittsburgh was called the ""Gateway to the West"" from its earliest days as a frontier village.  Easily navigable waterways with an abundance of natural resources, (coal, timber, natural gas, iron and limestone) helped Pi…"
55,description,What role did CMU play in the development of self-driving taxis?,CMU played a significant role in the development of self-driving taxis through research and innovation in autonomous vehicle technology.,"Carnegie Mellon University (CMU) played a significant role in the development of self-driving taxis through its research and collaboration with Uber, including the poaching of 40 scientists from CMU's National Robotics Engineering Consortium (NREC) to work on driverless technologies.",,,,www.thefrickpittsburgh.org:ac886fa246a32ff187be071e2a1c785346f7bf26:c10,Making the Car and Carriage Museum | The Frick Pittsburgh,www.thefrickpittsburgh.org,https://www.thefrickpittsburgh.org/Story-Making-the-Car-and-Carriage-Museum-a-look-at-our-past-and-whats-driving-our-future,"understanding of transportation history and its relevance today. In April 2021, we will examine the art of hood ornaments and their use in personalization and reflective individualism in the exhibition  . The following…",baseline:42e1d158283307fb9ffd522052b67c4bbb91354c:c2,Robotics Institute - Wikipedia,en.wikipedia.org,,"Apple . In September 2015, the NREC secured a $5.5 million gift from the car transport company, Uber , to support three robotics fellowships and research directed at developing safe,  . [ 5 ] This donation was made roug…",baseline:895e0a5af41b4ef6bdeb62a55712b09b924f65d9:c35,Carnegie Mellon University - Wikipedia,en.wikipedia.org,,"many applications, ranging from bicycle tires and racing sails to bulletproof vests, all due to its high tensile strength-to-weight ratio; by this measure, it is five times stronger than steel.  –  and  for his pioneeri…"
22,entity_location,Which Carnegie Mellon alumnus co-founded Sun Microsystems?,Andy Bechtolsheim,Andrew Bechtolsheim,,,,baseline:895e0a5af41b4ef6bdeb62a55712b09b924f65d9:c38,Carnegie Mellon University - Wikipedia,en.wikipedia.org,,derivatives exist within a number of commercial operating systems. and macOS and iOS are based. [ 140 ] Wi-Fi network – Alex Hills created the first wi-fi network using a  (LAN) on the Carnegie Mellon campus in 1993. […,baseline:70fd6669f01933161d44d9ca051debc491aa4797:c7,Carnegie Mellon School of Computer Science - Wikipedia,en.wikipedia.org,,"Turning award in 1994. He received the French in 1984 and award in 2001. He was also awarded the Honda Prize in 2005, and the in 2006. [ 23 ]  [ 24 ] and the Dean of School of Computer Science. He was one of the founder…",www.cmu.edu:80043fb9b647f726c99e3b668964cbf4b7160c18:c15,Rankings & Awards | Carnegie Mellon University,www.cmu.edu,https://www.cmu.edu/about/rankings-and-awards,"Institute of Technology John R. Anderson, Dietrich College/School of Computer Science Faculty 2011 Benjamin Franklin Medal in Computer and Cognitive Science 2010 Benjamin Franklin Medal in Computer and Cognitive Science…"
27,entity_location,What is the name of the interdisciplinary program combining technology and the arts at Carnegie Mellon?,STUDIO FOR ELECTRONIC IMAGING & SOUND (SEIS) or School of Art and School of Computer Science's joint programs like Computational Design,IDeATe,,,,baseline:895e0a5af41b4ef6bdeb62a55712b09b924f65d9:c18,Carnegie Mellon University - Wikipedia,en.wikipedia.org,,"[ 56 ] The (formerly the Graduate School of Industrial Administration) offers undergraduate programs in and (the latter jointly with the Dietrich College), master's degrees in Business Administration ( MBA  (MSCF) with…",baseline:895e0a5af41b4ef6bdeb62a55712b09b924f65d9:c19,Carnegie Mellon University - Wikipedia,en.wikipedia.org,,"also offer graduate master's degrees in Emerging Media, Game Design, Integrative Innovation for Products and Services, Computational Data Science, Urban Design, and Production Technology and Management. IDeATe also mana…",baseline:925d31196c9104f8c8d29eb97c9bd03c7aedfc2e:c2,Carnegie Mellon College of Fine Arts - Wikipedia,en.wikipedia.org,,"and elective course work, students are involved with other disciplines within CFA and within the other colleges of the University. Further, the college’s location in the Oakland District of Pittsburgh  , The  , The  , t…"
135,entity_location,Which Pittsburgh museum is dedicated to contemporary art?,The Mattress Factory,Contemporary art museum The Mattress Factory,,,,www.visitpittsburgh.com:1b3a47095f224152ac4399c2957e24d29584576a:c0,"Visual Arts in Pittsburgh | Museums, Galleries & Public Art | Visit Pittsburgh",www.visitpittsburgh.com,https://www.visitpittsburgh.com/things-to-do/arts-culture/visual-arts/,"No matter your artistic style, Pittsburgh has a museum for you.  , or explore the history of work created in southwest Pennsylvania and across the country at the newly expanded  includes early Italian Renaissance painti…",carnegiemuseums.org:1b90fcdadf9bee525d6c6436169f4f6ebd9a39b3:c16,,carnegiemuseums.org,https://carnegiemuseums.org/docs/Embargoed_Draft_Nov_11_CI59_Commissions_Partners_Press_Release87.pdf,"Black life in America. Driven by curiosity, Carnegie Museum of Art creates space for expansive inquiry into the art and ideas that shape our time. To learn more, visit carnegieart.org.  Kamin Science Center is dedicated…",en.wikipedia.org:0020479ee05bd519a8ca95ea9f11a0de662b44cc:c14,Pittsburgh Police - Wikipedia,en.wikipedia.org,https://en.wikipedia.org/wiki/Pittsburgh_Bureau_of_Police,"for generations also been associated with ""black and gold"". However, the very first team in the city's history to associate with its official seal/flag colors were the original NHL franchise  . The police department of…"
77,entity_location,Which Pittsburgh restaurant is famous for its pierogies?,Primanti's,Stuff'd Pierogi Bar,,,,pittsburghrestaurantweek.com:84b272995777df9e55a4cba857d51a67e5b8d919:c0,Summer 2020 Restaurants – Pittsburgh Restaurant Week,pittsburghrestaurantweek.com,https://pittsburghrestaurantweek.com/restaurants/summer-2020-restaurants/,"Extended to 14 Days • Takeout Available • Some Reservation Only Participating restaurants are committed to operating within all local, state and federal health and safety guidelines which include necessary occupancy res…",pittsburghrestaurantweek.com:03e8f453a6838a8ff7876c5cecccab895fba3bc9:c1,Winter 2026 Restaurants – Pittsburgh Restaurant Week,pittsburghrestaurantweek.com,https://pittsburghrestaurantweek.com/restaurants/winter-2026-restaurants/?filter=Neighborhood&fvalue=East,"If you are able, consider gratuities that take into account the original pricing and extra effort to perfect a multi-course service. | | | | | $45.26 Dinner Ends 1/31  Six Pittsburgh Area Locations (Downtown, Oakland, M…",www.heinzhistorycenter.org:2f08c306dc3151f29a006ab32a61147488d37b84:c1,Weddings - Heinz History Center,www.heinzhistorycenter.org,https://www.heinzhistorycenter.org/about/event-rentals/weddings/,"is truly historic. If desired, we can even assist in organizing your linens, flowers, music, and officiant. For weddings over 75 guests, space rentals range between $5,000-$11,000 pending space selections.  Wedding coor…"
11,entity_location,What is the name of Carnegie Mellon's business school?,Tepper School of Business,Tepper School of Business,,,,baseline:895e0a5af41b4ef6bdeb62a55712b09b924f65d9:c16,Carnegie Mellon University - Wikipedia,en.wikipedia.org,,"other units across the university. [ 51 ] The College of Fine Arts runs master's programs in Arts Management and Entertainment Industry Management with the Heinz College, as well as  (BHA),  (BSA), the  (BESA). [ 52 ] T…",baseline:895e0a5af41b4ef6bdeb62a55712b09b924f65d9:c31,Carnegie Mellon University - Wikipedia,en.wikipedia.org,,"being a part of the . Carnegie Mellon also established the Integrative Media Program at in , New York. Carnegie Mellon also maintains the Carnegie Mellon Los Angeles Center in  where students in the Master of Entertainm…",baseline:eb489e0b85bab6d6c5715903ad19ff4c1147672f:c4,Carnegie School - Wikipedia,en.wikipedia.org,,"attended GSIA as Ph.D. students. , while heavily favored to receive the Prize for his pioneering work on rational expectations, was not included in 1995 or any other year thereafter.  and  .  &  ). The interdisciplinary…"
76,entity_location,What type of food does The Eagle in Pittsburgh serve?,"Based on my knowledge, The Eagle in Pittsburgh serves American cuisine.",The Eagle in Pittsburgh serves comfort food.,,,,www.visitpittsburgh.com:e8c6570895c39f0282a6ed6dc0539a767882ff16:c2,Pittsburgh Food Festivals - Greek - Oktoberfest - Apples - Maple Syrup | Visit Pittsburgh,www.visitpittsburgh.com,https://www.visitpittsburgh.com/events-festivals/food-festivals/,"NPOs. Seating is available inside once you grab your food truck grub! Select dates throughout Pittsburgh May-Sept. Our provides a complete listing of the many Greek festival dates and locations.  Top chefs, food trucks…",pittsburghrestaurantweek.com:2a0971f18d765769cf718d8274931a50843d9f2f:c0,Del Frisco’s Double Eagle Steakhouse – Pittsburgh Restaurant Week,pittsburghrestaurantweek.com,https://pittsburghrestaurantweek.com/restaurants/summer-2025-restaurants/del-friscos/,"Map ) PHONE (412) 240-6140  $55.25 DINNER  Crisp Romaine Leaves, Shaved Parmesan, Croutons, Caesar Dressing  Iceberg, Cherry Tomatoes, Crisp Bacon, Danish Blue Cheese Dressing ENTRÉES  Green Tahini, Olives, Oven-Dried G…",www.visitpittsburgh.com:699acb1509e03c40ac84346fbfa9e7a34bf02518:c0,"Pittsburgh Restaurants | Listings, Nightlife & Farmers Markets | Visit Pittsburgh",www.visitpittsburgh.com,https://www.visitpittsburgh.com/restaurants-culinary/,"Pittsburgh's fantastic food scene is continually getting recognized in national and international media . In our City of Multitudes, you'll find globe-spanning cuisine with inspired menus, unique locations and awarded c…"
150,entity_location,What is the economic significance of Pittsburgh today?,"Pittsburgh is a major economic hub known for robotics, technology, healthcare, and finance.","Pittsburgh's economy is diverse, driven by healthcare, education, technology, and manufacturing, with a focus on innovation and sustainability.",,,,www.visitpittsburgh.com:77145bd4700d33965df43564fb9f84fa71ac6443:c0,"The History of Pittsburgh, Pennsylvania | Visit Pittsburgh | Visit Pittsburgh",www.visitpittsburgh.com,https://www.visitpittsburgh.com/things-to-do/arts-culture/history/,"Pittsburgh was called the ""Gateway to the West"" from its earliest days as a frontier village.  Easily navigable waterways with an abundance of natural resources, (coal, timber, natural gas, iron and limestone) helped Pi…",en.wikipedia.org:d253cc18558364e41a8ba2e164a223480b12a27b:c35,Pittsburgh - Wikipedia,en.wikipedia.org,https://en.wikipedia.org/wiki/Pittsburgh,"Nabisco . [ 140 ] Some of the factory's original equipment, such as a large dough mixer, were left standing in homage to the site's industrial roots. [ 141 ]  has earned it praise as ""the poster child for managing indus…",en.wikipedia.org:d253cc18558364e41a8ba2e164a223480b12a27b:c11,Pittsburgh - Wikipedia,en.wikipedia.org,https://en.wikipedia.org/wiki/Pittsburgh,"This resulted in the highest levels of air pollution in the city's almost century of industry. The city's reputation as the ""arsenal of democracy"" [ 50 ] [ 51 ]  's 1868 observation of Pittsburgh being ""hell with the li…"
14,entity_location,What is the official mascot of Carnegie Mellon University?,Scotty the Spirit Bear,Bobby Bobcat,,,,baseline:b756f3f2e148023d34d947233ebfbde10b00c18c:c17,Carnegie Mellon University traditions - Wikipedia,en.wikipedia.org,,"as the Director For Life without the Possibility for Parole, started a new tradition within the band. Drawing inspiration from the critically acclaimed 1975 film, Monty Python and the Holy  as the Director For Life with…",pittsburghopera.org:9ac7c2169d555e080ded76012ffba7f1717d4d10:c1,"Pittsburgh Opera and Carnegie Mellon University present “Co-Opera"" April 13 & 14 | Pittsburgh Opera",pittsburghopera.org,https://pittsburghopera.org/current-media-releases/pittsburgh-opera-and-carnegie-mellon-university-present-co-opera-april-13-14/,"Therese Carmack an Operalia winner Pittsburgh Opera and National Opera House announce programmatic and strategic partnership March 12, 2019 Mobile: 412.427.7088 Emily Rybinski-Benish, Director of Marketing and Communica…",baseline:895e0a5af41b4ef6bdeb62a55712b09b924f65d9:c19,Carnegie Mellon University - Wikipedia,en.wikipedia.org,,"also offer graduate master's degrees in Emerging Media, Game Design, Integrative Innovation for Products and Services, Computational Data Science, Urban Design, and Production Technology and Management. IDeATe also mana…"
129,entity_location,Which Pittsburgh neighborhood is known for its cultural diversity?,Squirrel Hill,Oakland,,,,www.pittsburghpa.gov:f1930a01b2c67e3cfd4f0de840a4b63ae25a8b5e:c118,,www.pittsburghpa.gov,https://www.pittsburghpa.gov/files/assets/city/v/1/dcp/documents/5008_pittsburgh_cultural_heritage_plan.pdf,"stabilization, new infill construction, and the reuse buildings;however, distressed properties affect the historicappearance ofvacantlotsoffersopportunityfortheMiddleHill.TheNewGranada andintegrityofmanyblocks.Evenso,ar…",en.wikipedia.org:40090c5a25be80a13e4391015d56448b023bf29f:c16,Pittsburgh synagogue shooting - Wikipedia,en.wikipedia.org,https://en.wikipedia.org/wiki/Pittsburgh_synagogue_shooting,"[ 35 ] [ 63 ] Joyce Fienberg, 75, a retired University of Pittsburgh research specialist Rose Mallinger, 97, an active congregant at the synagogue for more than 60 years  Cecil, 59 & David Rosenthal, 54, brothers who li…",en.wikipedia.org:646be3f40e063e463752b4e3a9ee693237a0f9af:c8,Pittsburgh Playhouse - Wikipedia,en.wikipedia.org,https://en.wikipedia.org/wiki/Pittsburgh_Playhouse,"looking for a change in direction and strategy. [ ] After years of struggling for proper funding and the crisis of the two previous seasons, the Playhouse was acquired by  (then Point Park College) in 1968. [ 23 ] As pa…"
1,event_date,When was Carnegie Mellon University founded?,1900,1900,,,,www.cmu.edu:e4a1ffff0208673221f4be1dd4891abe851c8b89:c4,History | Carnegie Mellon University,www.cmu.edu,https://www.cmu.edu/about/history,"and Herbert Simon. 1967 - Present In 1967, Carnegie Tech merged with the Mellon Institute, a science research center founded by the Mellon family of Pittsburgh, to become known as  . This support from the Mellons allowe…",baseline:895e0a5af41b4ef6bdeb62a55712b09b924f65d9:c2,Carnegie Mellon University - Wikipedia,en.wikipedia.org,,"the Tartans. [ 17 ] , 64 , and 13 . [ 18 ] History [ ] , founder of the Carnegie Technical Schools. , co-founder of the Mellon Institute.  [ 19 ] by the  , who wrote ""My heart is in the work"", when he donated the funds…",baseline:895e0a5af41b4ef6bdeb62a55712b09b924f65d9:c1,Carnegie Mellon University - Wikipedia,en.wikipedia.org,,"its merger with the and . [ 11 ] , the , and the . [ 12 ] The university has its main campus located 5 miles (8 km) from  . It also has over a dozen degree-granting locations in six continents, including campuses in Qat…"
79,entity_location,Which Pittsburgh neighborhood is known for its array of vegan and vegetarian restaurants?,Shadyside,Squirrel Hill,,,,www.pittsburghpa.gov:f1930a01b2c67e3cfd4f0de840a4b63ae25a8b5e:c118,,www.pittsburghpa.gov,https://www.pittsburghpa.gov/files/assets/city/v/1/dcp/documents/5008_pittsburgh_cultural_heritage_plan.pdf,"stabilization, new infill construction, and the reuse buildings;however, distressed properties affect the historicappearance ofvacantlotsoffersopportunityfortheMiddleHill.TheNewGranada andintegrityofmanyblocks.Evenso,ar…",en.wikipedia.org:d253cc18558364e41a8ba2e164a223480b12a27b:c42,Pittsburgh - Wikipedia,en.wikipedia.org,https://en.wikipedia.org/wiki/Pittsburgh,"Foundation Fellow, earned his MFA at the University of Pittsburgh and was a faculty member there. Other local poets include , and , Pennsylvania's first poet laureate. Contemporary writers like  ,  , and  and Brian Celi…",en.wikipedia.org:646be3f40e063e463752b4e3a9ee693237a0f9af:c8,Pittsburgh Playhouse - Wikipedia,en.wikipedia.org,https://en.wikipedia.org/wiki/Pittsburgh_Playhouse,"looking for a change in direction and strategy. [ ] After years of struggling for proper funding and the crisis of the two previous seasons, the Playhouse was acquired by  (then Point Park College) in 1968. [ 23 ] As pa…"
69,entity_location,Which Pittsburgh bakery is known for its burnt almond torte?,Demeter's Pastry Shop,Tartine Bakery,,,,www.heinzhistorycenter.org:2f08c306dc3151f29a006ab32a61147488d37b84:c1,Weddings - Heinz History Center,www.heinzhistorycenter.org,https://www.heinzhistorycenter.org/about/event-rentals/weddings/,"is truly historic. If desired, we can even assist in organizing your linens, flowers, music, and officiant. For weddings over 75 guests, space rentals range between $5,000-$11,000 pending space selections.  Wedding coor…",pittsburghrestaurantweek.com:03e8f453a6838a8ff7876c5cecccab895fba3bc9:c1,Winter 2026 Restaurants – Pittsburgh Restaurant Week,pittsburghrestaurantweek.com,https://pittsburghrestaurantweek.com/restaurants/winter-2026-restaurants/?filter=Neighborhood&fvalue=East,"If you are able, consider gratuities that take into account the original pricing and extra effort to perfect a multi-course service. | | | | | $45.26 Dinner Ends 1/31  Six Pittsburgh Area Locations (Downtown, Oakland, M…",www.pittsburghpa.gov:7149228be382d9a5ad9590c81c62eb1183c50924:c342,,www.pittsburghpa.gov,https://www.pittsburghpa.gov/files/assets/city/v/1/dcp/documents/planning-commission/2025-meetings/03-11-2025-meeting/planning-commission-minutes-2024.pdf,"Chamber of Commerce • Michael Griscom • Ralph Horgan, Carnegie Mellon University • Michael Griscom • Kendall Pelling • Maelene J. Myers Nominate Members for the Community Data Justice Collaborative  • Prince Matthews, S…"
93,entity_location,What is Wholey's known for in Pittsburgh's Strip District?,Wholey's is known for its pickles in Pittsburgh's Strip District.,Wholey's is known for its haunted attraction in Pittsburgh's Strip District.,,,,www.visitpittsburgh.com:7f7a26adeedfb2271a2bf44e77a6a6ab6150d03a:c0,Pittsburgh Strip District | Visit Pittsburgh | Visit Pittsburgh,www.visitpittsburgh.com,https://www.visitpittsburgh.com/neighborhoods/strip-district/,"​Don't be fooled by the name. The Strip, as it's called, is foodie heaven and as authentic as it is fun. Locals love it for its low, low prices and tremendous selections. The one-half square mile shopping district is ch…",pittsburghopera.org:aa095393da4ef48f185756a440b3fe3de545a292:c2,,pittsburghopera.org,https://pittsburghopera.org/uploads/Directions_to_2425_Liberty_Avenue_in_Strip_District__11.13.2018.pdf,and Railroad Streets. Current listed rates range from $3 (0-2 hours) to $6 (4-10 hours). Use the self-pay machines on the ground floor before returning to your vehicle. Rev 11/13/2018  Selected Nearby Restaurants and Bu…,littleitalydays.com:e88b7ce47b41890d528f1d6d197496b79f9b2521:c0,Bloomfield-Businesses | Little Italy Days,littleitalydays.com,http://littleitalydays.com/bloomfield-businesses/,"Bloomfield is filled with amazing local busineses, make sure you check them out during the festival and throughout the year!  For some 75 years, we have helped build healthier, stronger communities. Let us be your partn…"
43,entity_location,Which CMU tradition involves a race with uniquely designed vehicles?,"Carnegie Mellon University's Freshman Rush, which includes the Semi Truck Pull event.",Spring Carnival Sweepstakes,,,,www.cmu.edu:fe90b80125609e2276a06481416805091f405741:c0,Traditions | Carnegie Mellon University,www.cmu.edu,https://www.cmu.edu/about/traditions,"[link]  At Carnegie Mellon University (CMU), traditions are more than just events — they're a celebration of our bold and collaborative community. Some commemorate the Scottish heritage of our founder, Andrew Carnegie,…",baseline:b756f3f2e148023d34d947233ebfbde10b00c18c:c10,Carnegie Mellon University traditions - Wikipedia,en.wikipedia.org,,"3 wheeled buggies were developed in the early 80s led by [ 13 ] by from 1986–1989 continued the theme of wheel alignment. In 1988, Delta Upsilon [ 14 ]  [ 15 ] – a record that stood only briefly as SPIRIT surpassed that…",www.cmu.edu:fe90b80125609e2276a06481416805091f405741:c1,Traditions | Carnegie Mellon University,www.cmu.edu,https://www.cmu.edu/about/traditions,"the world. Help our current Fence retake that title. The oldest CMU tradition, this three-day event features student-built booths, racing robots, live entertainment and an array of delectable food options.  Explore our…"
10,entity_location,Which college at Carnegie Mellon is renowned for its computer science program?,School of Computer Science,School of Computer Science,,,,baseline:895e0a5af41b4ef6bdeb62a55712b09b924f65d9:c31,Carnegie Mellon University - Wikipedia,en.wikipedia.org,,"being a part of the . Carnegie Mellon also established the Integrative Media Program at in , New York. Carnegie Mellon also maintains the Carnegie Mellon Los Angeles Center in  where students in the Master of Entertainm…",baseline:c4fbaf4e3472053336d40d14daaf38c11a42be86:c16,List of Carnegie Mellon University people - Wikipedia,en.wikipedia.org,,"bioethicist (Professor), chairperson of a special U.S. congressional commission that studied how the and the operated; it made its recommendations for changes in March 2000 in its report to the  SVP  myosin  of  at  -wi…",baseline:bbf0830752f47ca124ea7f213aa12953eb99119c:c1,Carnegie Mellon College of Engineering - Wikipedia,en.wikipedia.org,,"began classes in unfinished buildings, still surrounded by new construction. The school initially offered two- and three-year programs to train the children of Pittsburgh's working class. After the merger between  , the…"
124,entity_location,What is the 'Renaissance' period in Pittsburgh's history?,The Renaissance period in Pittsburgh's history refers to a series of urban renewal projects initiated in the 1950s aimed at revitalizing the city's image and economy.,"The ""Renaissance"" period in Pittsburgh's history refers to the city's clean air and civic revitalization project launched after World War II.",,,,en.wikipedia.org:d8681b3d89fa200a86cd514489251c476ef21429:c31,History of Pittsburgh - Wikipedia,en.wikipedia.org,https://en.wikipedia.org/wiki/History_of_Pittsburgh,"53 ] [ 55 ] The last distillery in Pittsburgh, Joseph S. Finch's distillery, located at South Second and McKean streets, closed in the 1920s. [ 56 ] In 2012,  opened, becoming the first since the closure of Finch's dist…",en.wikipedia.org:d253cc18558364e41a8ba2e164a223480b12a27b:c11,Pittsburgh - Wikipedia,en.wikipedia.org,https://en.wikipedia.org/wiki/Pittsburgh,"This resulted in the highest levels of air pollution in the city's almost century of industry. The city's reputation as the ""arsenal of democracy"" [ 50 ] [ 51 ]  's 1868 observation of Pittsburgh being ""hell with the li…",www.heinzhistorycenter.org:1b7d465a6542d9bb98dc45a8d144d206ea9a2283:c0,Pittsburgh’s LSTs: Remembering the “Workhorse” of Normandy - Heinz History Center,www.heinzhistorycenter.org,https://www.heinzhistorycenter.org/blog/pittsburghs-lsts-remembering-the-workhorse-of-normandy/,"We commemorate June 6, 1944, as “D-Day,” the start of the Normandy invasion and a crucial turning point during World War II. But at the time, nothing about that campaign was a foregone conclusion. For U.S. and Allied mi…"
137,entity_location,Which Pittsburgh neighborhood is known for its historic architecture?,Allegheny West,South Side,,,,www.pittsburghpa.gov:f1930a01b2c67e3cfd4f0de840a4b63ae25a8b5e:c118,,www.pittsburghpa.gov,https://www.pittsburghpa.gov/files/assets/city/v/1/dcp/documents/5008_pittsburgh_cultural_heritage_plan.pdf,"stabilization, new infill construction, and the reuse buildings;however, distressed properties affect the historicappearance ofvacantlotsoffersopportunityfortheMiddleHill.TheNewGranada andintegrityofmanyblocks.Evenso,ar…",en.wikipedia.org:646be3f40e063e463752b4e3a9ee693237a0f9af:c8,Pittsburgh Playhouse - Wikipedia,en.wikipedia.org,https://en.wikipedia.org/wiki/Pittsburgh_Playhouse,"looking for a change in direction and strategy. [ ] After years of struggling for proper funding and the crisis of the two previous seasons, the Playhouse was acquired by  (then Point Park College) in 1968. [ 23 ] As pa…",en.wikipedia.org:40090c5a25be80a13e4391015d56448b023bf29f:c16,Pittsburgh synagogue shooting - Wikipedia,en.wikipedia.org,https://en.wikipedia.org/wiki/Pittsburgh_synagogue_shooting,"[ 35 ] [ 63 ] Joyce Fienberg, 75, a retired University of Pittsburgh research specialist Rose Mallinger, 97, an active congregant at the synagogue for more than 60 years  Cecil, 59 & David Rosenthal, 54, brothers who li…"
67,entity_location,Which Pittsburgh restaurant offers a unique dining experience in a former church?,Church Brew Works,Bryant Street Tavern,,,,pittsburghrestaurantweek.com:02045b72a53163c3002bf866cf573eef9bb80c38:c0,Winter 2021 Restaurants – Pittsburgh Restaurant Week,pittsburghrestaurantweek.com,https://pittsburghrestaurantweek.com/restaurants/winter-2021-restaurants/,"Some locations extended to January 24 • Takeout Available • Theme: “New Dishes for the New Year” Participating restaurants are committed to operating within all local, state and federal health and safety guidelines whic…",www.pittsburghsymphony.org:36235def20f2dc1230c521ae5a5c3be42b29c742:c0,Dining Partners,www.pittsburghsymphony.org,https://www.pittsburghsymphony.org/pso_home/web/give-landing/corporate-partnerships/dining-partners,"♦  Subscribers to the Pittsburgh Symphony enjoy great benefits in addition to their incredible concert seats, including discounts and special offers at downtown Pittsburgh Dining Partner venues! The PSO is proud to part…",www.heinzhistorycenter.org:2f08c306dc3151f29a006ab32a61147488d37b84:c1,Weddings - Heinz History Center,www.heinzhistorycenter.org,https://www.heinzhistorycenter.org/about/event-rentals/weddings/,"is truly historic. If desired, we can even assist in organizing your linens, flowers, music, and officiant. For weddings over 75 guests, space rentals range between $5,000-$11,000 pending space selections.  Wedding coor…"
130,entity_location,What is the Cathedral of Learning?,A 42-story gothic revival skyscraper-like building that serves as the flagship building of the University of Pittsburgh.,The Cathedral of Learning is the centerpiece of the University of Pittsburgh's campus and the tallest educational building in the Western Hemisphere.,,,,www.visitpittsburgh.com:18f186d7e05ca9e8117f9e5f939c20569e45c02e:c1,Oakland Neighborhood - Visit Pittsburgh | Visit Pittsburgh,www.visitpittsburgh.com,https://www.visitpittsburgh.com/neighborhoods/oakland/,"to prestigious museums, world-class hospitals and universities and international cuisine, Oakland is considered the cultural, academic and medical center of Pittsburgh. As one of Pittsburgh's liveliest neighborhoods, yo…",www.visitpittsburgh.com:10d15b11f17adffc240ec75ce58234bd2bedd5a7:c2,Free Things to Do in Pittsburgh Today | Visit Pittsburgh,www.visitpittsburgh.com,https://www.visitpittsburgh.com/things-to-do/free-things-to-do/,"too! Pittsburgh boasts more than 700 outdoor stairways within the city limits. You can climb more than 24,000 vertical feet if you tackle them all! Learn more about all the  plus waterways - all waiting to be explored.…",carnegiemuseums.org:3746a7bb61bf014c7974785eb60c26a6bca84a03:c3,Behind the Scenes Archives - Carnegie Museums of Pittsburgh,carnegiemuseums.org,https://carnegiemuseums.org/tag/behind-scenes/,"tales of 125 objects—starting with these 25. Over the next year, ours will be a story, not the story of Carnegie Museums, which begs the question: What would you include?  A glimpse at something new, novel, or rarely se…"
80,entity_location,What type of cuisine does Apteka in Pittsburgh serve?,Eastern European/Central European,Apteka in Pittsburgh serves Eastern European cuisine.,,,,www.visitpittsburgh.com:699acb1509e03c40ac84346fbfa9e7a34bf02518:c0,"Pittsburgh Restaurants | Listings, Nightlife & Farmers Markets | Visit Pittsburgh",www.visitpittsburgh.com,https://www.visitpittsburgh.com/restaurants-culinary/,"Pittsburgh's fantastic food scene is continually getting recognized in national and international media . In our City of Multitudes, you'll find globe-spanning cuisine with inspired menus, unique locations and awarded c…",littleitalydays.com:e88b7ce47b41890d528f1d6d197496b79f9b2521:c0,Bloomfield-Businesses | Little Italy Days,littleitalydays.com,http://littleitalydays.com/bloomfield-businesses/,"Bloomfield is filled with amazing local busineses, make sure you check them out during the festival and throughout the year!  For some 75 years, we have helped build healthier, stronger communities. Let us be your partn…",trustarts.org:163bd0b20d2c8f3cd9c6015f9f5a62614ccf1d5b:c1,Featured Dining Partner: Union Standard | The Pittsburgh Cultural Trust | @CulturalTrust,trustarts.org,https://trustarts.org/blog/featured-dining-partner-union-standard,"Mon, Feb 26, 2018 opens at the Benedum Center this week, and our featured dining partner,  (524 William Penn Place), has the stuff that you want, the thing that you need to unleash your power ballad loving, inner 90s ch…"
62,entity_location,What is the Strip District known for?,The Strip District is known for its variety of wholesale food markets and specialty shops.,"The Strip District is known for its food markets, ethnic grocers, produce stands, meat and fish markets, and sidewalk vendors, offering a wide selection of fresh and affordable products.",,,,www.visitpittsburgh.com:7f7a26adeedfb2271a2bf44e77a6a6ab6150d03a:c0,Pittsburgh Strip District | Visit Pittsburgh | Visit Pittsburgh,www.visitpittsburgh.com,https://www.visitpittsburgh.com/neighborhoods/strip-district/,"​Don't be fooled by the name. The Strip, as it's called, is foodie heaven and as authentic as it is fun. Locals love it for its low, low prices and tremendous selections. The one-half square mile shopping district is ch…",www.visitpittsburgh.com:ba9a94def55d1e3e4d1fbe6415947ef73b96eb41:c2,LGBTQIA+ Things To Do in Pittsburgh | Museums and Attractions | Visit Pittsburgh,www.visitpittsburgh.com,https://www.visitpittsburgh.com/plan-your-trip/lgbtq-travel/things-to-do/,"interactive amusement, Pittsburgh has plenty of entertainment options for kids of all ages – and parents. Combining modern thrills and classic rides, you won’t want to miss a trip to  or  . Explore a world of science an…",pittsburghopera.org:aa095393da4ef48f185756a440b3fe3de545a292:c2,,pittsburghopera.org,https://pittsburghopera.org/uploads/Directions_to_2425_Liberty_Avenue_in_Strip_District__11.13.2018.pdf,and Railroad Streets. Current listed rates range from $3 (0-2 hours) to $6 (4-10 hours). Use the self-pay machines on the ground floor before returning to your vehicle. Rev 11/13/2018  Selected Nearby Restaurants and Bu…
101,event_date,Which Pittsburgh food festival focuses on Greek cuisine?,Steelhead Greek Festival,Pittsburgh Greek Food Festivals,,,,www.visitpittsburgh.com:e8c6570895c39f0282a6ed6dc0539a767882ff16:c1,Pittsburgh Food Festivals - Greek - Oktoberfest - Apples - Maple Syrup | Visit Pittsburgh,www.visitpittsburgh.com,https://www.visitpittsburgh.com/events-festivals/food-festivals/,". Beginning on Ash Wednesday and continuing every Friday until Easter, you can find great fish fries held in churches, fire halls and community buildings all over the Pittsburgh area.  . With Butternut Bourbon Bisque an…",www.visitpittsburgh.com:e8c6570895c39f0282a6ed6dc0539a767882ff16:c2,Pittsburgh Food Festivals - Greek - Oktoberfest - Apples - Maple Syrup | Visit Pittsburgh,www.visitpittsburgh.com,https://www.visitpittsburgh.com/events-festivals/food-festivals/,"NPOs. Seating is available inside once you grab your food truck grub! Select dates throughout Pittsburgh May-Sept. Our provides a complete listing of the many Greek festival dates and locations.  Top chefs, food trucks…",www.visitpittsburgh.com:e8c6570895c39f0282a6ed6dc0539a767882ff16:c0,Pittsburgh Food Festivals - Greek - Oktoberfest - Apples - Maple Syrup | Visit Pittsburgh,www.visitpittsburgh.com,https://www.visitpittsburgh.com/events-festivals/food-festivals/,"Food and fun just go together and, in Pittsburgh, food is often the reason for the fun.  winter and summer , neighborhood soup crawls and cookie tours, apple, maple and whiskey festivals. And, Pittsburgh's annual food f…"
